name,status,street,postcode,city,address,folder,logo_file,menu_count,archive_count,latest_menu,note,source_page
't Gierenest,open,Amstelveenseweg 61,1075 VV,Amsterdam,"Amstelveenseweg 61, 1075 VV Amsterdam",Gierenest,Gierenest/logo.png,1,,28 April 2011,,https://www.coffeeshopmenus.org/cs-geirenest.html
't Keteltje,open,Marnixstraat 74,1015 VX,Amsterdam,"Marnixstraat 74, 1015 VX Amsterdam",tKeteltje,tKeteltje/logo.png,1,7,5 September 2023,,https://www.coffeeshopmenus.org/cs-keteltje.html
't Ooievaartje,open,Ooievaarsweg 10,1021 GZ,Amsterdam,"Ooievaarsweg 10, 1021 GZ, Amsterdam",OOievaartje,OOievaartje/logo.png,1,7,5 April 2019,Later Noord,https://www.coffeeshopmenus.org/cs-oovievaartje.html
137,open,Brouwersgracht 137,1015 GE,Amsterdam,"Brouwersgracht 137, 1015 GE Amsterdam",137,137/logo.png,1,34,17 January 2025,Later 7th Heaven,https://www.coffeeshopmenus.org/cs-137.html
156,open,Hudsonstraat 156,1057 ST,Amsterdam,"Hudsonstraat 156, 1057 ST Amsterdam",156,156/logo.png,1,6,15 January 2024,Later Aktama 2,https://www.coffeeshopmenus.org/cs-156.html
1e Hulp,open,Marnixstraat 194,1016 TL,Amsterdam,"Marnixstraat 194, 1016 TL Amsterdam",1e Hulp,1e Hulp/logo.png,1,110,12 July 2026,,https://www.coffeeshopmenus.org/cs-1e-hulp.html
2e Cheech and Chong's,open,De Clercqstraat 30,1052 NE,Amsterdam,"De Clercqstraat 30, Amsterdam 1052 NE",Cheech & Chongs 2,Cheech & Chongs 2/logo.png,1,12,19 April 2026,,https://www.coffeeshopmenus.org/cs-cheech-chongs-2.html
420 Cafe (de Kuil),open,Oudebrugsteeg 27,1012 JN,Amsterdam,"Oudebrugsteeg 27, 1012 JN Amsterdam",de Kuil ( 420 Cafe ),de Kuil ( 420 Cafe )/logo.png,1,28,13 May 2026,,https://www.coffeeshopmenus.org/cs-420-cafe.html
420 Coffeeshop,open,Singel 387,1012 WN,Amsterdam,"Singel 387, 1012 WN Amsterdam",Dutch Flowers,Dutch Flowers/logo.png,1,,10 October 2018,Previously Dutch Flowers and later Greenhouse Strain Hunters. See also 420 Cafe,https://www.coffeeshopmenus.org/cs-420-coffeeshop.html
7th Heaven,open,Brouwersgracht 137,1015 GE,Amsterdam,"Brouwersgracht 137, 1015 GE Amsterdam",7thHeaven,7thHeaven/logo.png,1,17,15 July 2026,Previously 137,https://www.coffeeshopmenus.org/cs-7thheaven.html
96,open,Jan Pieter Heijestraat 96,1053 GT,Amsterdam,"Jan Pieter Heijestraat 96, 1053 GT Amsterdam",Coffeeshop96,Coffeeshop96/logo.png,1,3,25 August 2025,,https://www.coffeeshopmenus.org/cs-96.html
Abraxas,open,Jonge Roelensteeg 12 - 14,1012 PL,Amsterdam,"Jonge Roelensteeg 12 - 14, 1012 PL Amsterdam",Abraxas,Abraxas/logo.png,1,62,15 July 2026,,https://www.coffeeshopmenus.org/cs-abraxas.html
Abraxas Too,closed,Spuistraat 51,1012 ST,Amsterdam,"Spuistraat 51, 1012 ST Amsterdam",Abraxas Too,Abraxas Too/logo.png,2,7,12 October 2012,"Previously Chocolata and now closed. See also Abraxas, which is still open.",https://www.coffeeshopmenus.org/cs-abraxas-too.html
Aktama 2,open,Hudsonstraat 156,1057 ST,Amsterdam,"Hudsonstraat 156, Amsterdam 1057 ST",Aktama2,Aktama2/logo.png,1,5,28 April 2026,Previously 156. See also Aktama Den Helder.,https://www.coffeeshopmenus.org/cs-aktama2.html
Amnesia,open,Herengracht 133,1015 BG,Amsterdam,"Herengracht 133, 1015 BG Amsterdam",Amnesia,Amnesia/logo.png,1,58,6 June 2026,,https://www.coffeeshopmenus.org/cs-amnesia.html
Amsterdam Genetics,open,Haarlemmerstraat 44,1013 ES,Amsterdam,"Haarlemmerstraat 44, Amsterdam 1013 ES",amsterdamgenetics,amsterdamgenetics/logo.png,1,2,14 June 2026,Previously CoffeeshopAmsterdam,https://www.coffeeshopmenus.org/cs-amsterdamgenetics.html
Amsterdamned,open,Haarlemmerstraat 6,1013 ER,Amsterdam,"Haarlemmerstraat 6, Amsterdam 1013 ER",Amsterdamned,Amsterdamned/logo.png,1,,21 May 2018,Previously Picasso and later Green Place 2,https://www.coffeeshopmenus.org/cs-amsterdamned.html
Andalucia,open,Halvemaansteeg 1,1017 CR,Amsterdam,"Halvemaansteeg 1, 1017 CR Amsterdam",Andalucia,Andalucia/logo.png,1,6,28 August 2022,Later Balboa Family,https://www.coffeeshopmenus.org/cs-andalucia.html
Anyday,closed,Korte Kolksteeg 5,1012 SK,Amsterdam,"Korte Kolksteeg 5, 1012 SK Amsterdam",Anyday,Anyday/logo.png,1,12,29 August 2014,Historic coffeeshop,https://www.coffeeshopmenus.org/cs-anyday.html
Arabica Lounge,closed,Amstelstraat 45,1017 DA,Amsterdam,"Amstelstraat 45, 1017 DA Amsterdam",Arabica Lounge,Arabica Lounge/logo.png,1,2,8 December 2010,Historic coffeeshop,https://www.coffeeshopmenus.org/cs-arabica-lounge.html
Atlantis,open,Daniel Stalpertstraat 78,1072 XK,Amsterdam,"Daniel Stalpertstraat 78, 1072 XK Amsterdam",Atlantis,Atlantis/logo.png,1,5,13 September 2016,Later Superskunk 1,https://www.coffeeshopmenus.org/cs-atlantis.html
Atlas,open,Parlevinker 8,1034 PZ,Amsterdam,"Parlevinker 8, 1034 PZ, Amsterdam",Atlas,Atlas/logo.png,1,3,29 September 2025,,https://www.coffeeshopmenus.org/cs-atlas-ams.html
Baba,open,Barentszstraat 130,1013 NS,Amsterdam,"Barentszstraat 130, 1013 NS Amsterdam",Baba,Baba/logo.png,1,15,26 December 2023,Previously de Barentsz and later The Plug Westerdok,https://www.coffeeshopmenus.org/cs-baba.html
Babylon,open,Beursstraat 27,1012 JV,Amsterdam,"Beursstraat 27, 1012 JV Amsterdam",Babylon,Babylon/logo.png,1,11,30 April 2022,,https://www.coffeeshopmenus.org/cs-babylon.html
Bagheera,open,Kloveniersburgwal 60,1012 CX,Amsterdam,"Kloveniersburgwal 60, Amsterdam 1012 CX",Bagheera,Bagheera/logo.png,1,58,27 June 2026,,https://www.coffeeshopmenus.org/cs-bagheera.html
Balboa Family,open,Halvemaansteeg 1,1017 CR,Amsterdam,"Halvemaansteeg 1, 1017 CR Amsterdam",BalboaFamily,BalboaFamily/logo.png,1,12,30 July 2026,Previously Andalucia,https://www.coffeeshopmenus.org/cs-balboa-family.html
Balou,open,Halvemaansteeg 5,1017 CR,Amsterdam,"Halvemaansteeg 5, 1017 CR Amsterdam",Balou,Balou/logo.png,1,38,6 February 2026,,https://www.coffeeshopmenus.org/cs-balou.html
Barney's Farm,closed,Haarlemmerstraat 98,1013 EW,Amsterdam,"Haarlemmerstraat 98, Amsterdam 1013 EW",Barneys,Barneys/logo.png,2,,3 January 2019,Historic coffeeshop,https://www.coffeeshopmenus.org/cs-barneys-farm.html
Barney's Lounge,open,Reguliersgracht 27,1017 LK,Amsterdam,"Reguliersgracht 27, Amsterdam 1017 LK",Barneys,Barneys/logo.png,2,3,30 October 2019,Later Hashtag,https://www.coffeeshopmenus.org/cs-barneys-lounge.html
Barneys,open,Haarlemmerstraat 102,1013 EW,Amsterdam,"Haarlemmerstraat 102, 1013 EW Amsterdam",Barneys,Barneys/logo.png,3,80,6 June 2026,,https://www.coffeeshopmenus.org/cs-barneys.html
Barraka,open,Gravensstraat 9,1012 NL,Amsterdam,"Gravensstraat 9, 1012 NL Amsterdam",Barraka,Barraka/logo.png,1,,19 February 2017,,https://www.coffeeshopmenus.org/cs-barraka.html
Basjoe,open,Kloveniersburgwal 62,1012 CX,Amsterdam,"Kloveniersburgwal 62, 1012 CX Amsterdam",Basjoe,Basjoe/logo.png,1,22,14 February 2026,,https://www.coffeeshopmenus.org/cs-basjoe.html
Bassment,closed,Oudezijds Achterburgwal 61,1012 DB,Amsterdam,"Oudezijds Achterburgwal 61, 1012 DB Amsterdam",Bassment,Bassment/logo.png,1,,1 September 2004,Historic coffeeshop,https://www.coffeeshopmenus.org/cs-bassment.html
Ben,closed,Kolksteeg 10,1012 PT,Amsterdam,"Kolksteeg 10, 1012 PT Amsterdam",Ben,Ben/logo.png,1,3,8 February 2012,Historic coffeeshop,https://www.coffeeshopmenus.org/cs-ben.html
Best Friends Centrum,closed,Huidenstraat 13a,1016 ER,Amsterdam,"Huidenstraat 13a, Amsterdam 1016 ER",Best Friends - II,Best Friends - II/logo.png,1,5,10 October 2018,"Previously Extreme and now closed. See also Best Friends Oost, which is still open.",https://www.coffeeshopmenus.org/cs-best-friends-centrum.html
Best Friends Oost,open,Niasstraat 1,1095 TS,Amsterdam,"Niasstraat 1, Amsterdam 1095 TS",Best Friends - II,Best Friends - II/logo.png,1,13,3 July 2026,,https://www.coffeeshopmenus.org/cs-best-friends-oost.html
Betty Boop,closed,Nieuwezijds Kolk 12,1012 PV,Amsterdam,"Nieuwezijds Kolk 12, 1012 PV Amsterdam",Betty Boop,Betty Boop/logo.png,1,18,6 April 2014,Historic coffeeshop,https://www.coffeeshopmenus.org/cs-betty-boop.html
Betty Two,open,Reguliersdwarsstraat 29,1017 BJ,Amsterdam,"Reguliersdwarsstraat 29, 1017 BJ Amsterdam",BettyTwo,BettyTwo/logo.png,1,14,9 August 2020,Later Easy Times 2,https://www.coffeeshopmenus.org/cs-betty-two.html
Biba,closed,Hazenstraat 15,1016 SM,Amsterdam,"Hazenstraat 15, 1016 SM Amsterdam",Biba,Biba/logo.jpg,1,10,13 October 2012,Historic coffeeshop,https://www.coffeeshopmenus.org/cs-biba.html
Bij,open,Bonairestraat 78,1058 XL,Amsterdam,"Bonairestraat 78, 1058 XL Amsterdam",Bij,Bij/logo.png,2,27,4 August 2025,,https://www.coffeeshopmenus.org/cs-bij.html
Blackstar,open,Rozengracht 1a,1016 LP,Amsterdam,"Rozengracht 1a, 1016 LP Amsterdam",Blackstar,Blackstar/logo.png,1,19,6 February 2026,,https://www.coffeeshopmenus.org/cs-black-star.html
Blue Lagoon,open,Overtoom 342,1054 JE,Amsterdam,"Overtoom 342, 1054 JE Amsterdam",Blue Lagoon,Blue Lagoon/logo.png,1,7,27 July 2026,,https://www.coffeeshopmenus.org/cs-blue-lagoon.html
Blue Sea,open,Van Woustraat 87,1074 AE,Amsterdam,"Van Woustraat 87, 1074 AE Amsterdam",Blue Sea,Blue Sea/logo.png,1,8,29 May 2026,,https://www.coffeeshopmenus.org/cs-blue-sea.html
Bluebird,open,Sint Antoniesbreestraat 71,1011 HB,Amsterdam,"Sint Antoniesbreestraat 71, 1011 HB Amsterdam",Bluebird,Bluebird/logo.png,1,39,21 April 2026,,https://www.coffeeshopmenus.org/cs-bluebird.html
Blues Brothers,closed,Nieuwendijk 89,1012 MC,Amsterdam,"Nieuwendijk 89, 1012 MC Amsterdam",BluesBrothers,BluesBrothers/logo.png,1,5,8 January 2014,Historic coffeeshop,https://www.coffeeshopmenus.org/cs-blues-brothers.html
Boerejongens Centrum,open,Utrechtsestraat 21,1017 VH,Amsterdam,"Utrechtsestraat 21, 1017 VH Amsterdam",BoerejongensC,BoerejongensC/logo.png,1,54,2 June 2026,Previously Stix,https://www.coffeeshopmenus.org/cs-boerejongens-cent.html
Boerejongens Sloterdijk,open,Humberweg 2,1043 AL,Amsterdam,"Humberweg 2, Amsterdam 1043 AL",BoerejongensD,BoerejongensD/logo.png,4,60,8 July 2026,,https://www.coffeeshopmenus.org/cs-boerejongens-slot.html
Boerejongens West,open,Baarsjesweg 239,1058 AA,Amsterdam,"Baarsjesweg 239, Amsterdam 1058 AA",Boerejonges,Boerejonges/logo.png,4,66,23 April 2026,,https://www.coffeeshopmenus.org/cs-boerejongens-west.html
Bronx,open,Marnixstraat 92,1015 VZ,Amsterdam,"Marnixstraat 92, 1015 VZ Amsterdam",Bronx,Bronx/logo.png,1,8,15 November 2024,,https://www.coffeeshopmenus.org/cs-bronx.html
Bulldog Energy,open,Oudezijds Voorburgwal 220,1012 GJ,Amsterdam,"Oudezijds Voorburgwal 220, Amsterdam 1012 GJ",Bulldog,Bulldog/logo.png,1,2,8 October 2024,,https://www.coffeeshopmenus.org/cs-bulldog-energy.html
Bulldog No. 90,open,Oudezijds Voorburgwal 90,1012 GG,Amsterdam,"Oudezijds Voorburgwal 90, Amsterdam 1012 GG",Bulldog,Bulldog/logo.png,1,9,30 April 2026,,https://www.coffeeshopmenus.org/cs-bulldog-no-90.html
Bulldog Palace,open,Leidseplein 17,1017 PS,Amsterdam,"Leidseplein 17, Amsterdam 1017 PS",Bulldog,Bulldog/logo.png,1,10,30 April 2026,,https://www.coffeeshopmenus.org/cs-bulldog-palace.html
Bulldog Port 26,open,Coenhavenweg 26,1013 BL,Amsterdam,"Coenhavenweg 26, Amsterdam 1013 BL",Bulldog,Bulldog/logo.png,2,6,10 June 2026,,https://www.coffeeshopmenus.org/cs-bulldogport26.html
Bulldog Rockshop,open,Singel 12,1013 GA,Amsterdam,"Singel 12, Amsterdam 1013 GA",Bulldog,Bulldog/logo.png,1,6,30 April 2026,,https://www.coffeeshopmenus.org/cs-bulldog-rockshop.html
Bullwackie,open,Woestduinstraat 76,1058 TJ,Amsterdam,"Woestduinstraat 76, 1058 TJ Amsterdam",Bullwacki,Bullwacki/logo.png,1,4,23 June 2026,,https://www.coffeeshopmenus.org/cs-bullwackie.html
Bushdocter,open,Thorbeckeplein 28,1017 CS,Amsterdam,"Thorbeckeplein 28, 1017 CS Amsterdam",Bushdoctor,Bushdoctor/logo.png,1,42,2 August 2026,,https://www.coffeeshopmenus.org/cs-bushdocter.html
Carmona,open,2e Jan van der Heijdenstraat 43,1074 TL,Amsterdam,"2e Jan van der Heijdenstraat 43, 1074 TL Amsterdam",Carmona,Carmona/logo.png,1,12,10 May 2026,,https://www.coffeeshopmenus.org/cs-carmona.html
Catch 33,open,Nassaukade 33,1052 CK,Amsterdam,"Nassaukade 33, 1052 CK Amsterdam",Catch33,Catch33/logo.png,1,16,5 February 2026,,https://www.coffeeshopmenus.org/cs-catch-33.html
Central,open,Prins Hendrikkade 89,1012 EA,Amsterdam,"Prins Hendrikkade 89, 1012 EA Amsterdam",Central,Central/logo.png,1,24,19 January 2026,,https://www.coffeeshopmenus.org/cs-central.html
Chapiteau,open,Van Boetzelaerstraat 31,1051 CT,Amsterdam,"Van Boetzelaerstraat 31, 1051 CT Amsterdam",Chapiteau,Chapiteau/logo.png,1,23,12 July 2026,,https://www.coffeeshopmenus.org/cs-chapiteau.html
Chocolata,closed,Spuistraat 51,,,"Spuistraat 51,",Chocolata,Chocolata/logo.png,2,,,Later Abraxas Too and now closed,https://www.coffeeshopmenus.org/cs-chocolata.html
City Hall,open,Oudezijds Voorburgwal 189,1012 EW,Amsterdam,"Oudezijds Voorburgwal 189, Amsterdam 1012 EW",CityHall,CityHall/logo.png,1,6,7 April 2026,,https://www.coffeeshopmenus.org/cs-city-hall.html
Club Media,open,Gerard Doustraat 83-85,1072 VN,Amsterdam,"Gerard Doustraat 83-85, 1072 VN Amsterdam",Club Media,Club Media/logo.png,1,88,17 June 2026,,https://www.coffeeshopmenus.org/cs-media.html
Coffeeshop Oost,open,3e Oosterparkstraat 73,1091 JV,Amsterdam,"3e Oosterparkstraat 73, Amsterdam 1091 JV",Oost,Oost/logo.png,1,22,30 July 2026,Previously The Point,https://www.coffeeshopmenus.org/cs-oost.html
CoffeeshopAmsterdam,open,Haarlemmerstraat 44,1013 ES,Amsterdam,"Haarlemmerstraat 44, 1013 ES, Amsterdam",CoffeeshopAmsterdam,CoffeeshopAmsterdam/logo.png,1,27,1 February 2026,Previously Dampkring 2 and later Amsterdam Genetics,https://www.coffeeshopmenus.org/cs-coffeeshop-amsterdam.html
CrashLight,open,Pretoriusstraat 67,1092 GB,Amsterdam,"Pretoriusstraat 67, 1092 GB Amsterdam",CrashLight,CrashLight/logo.png,1,,18 August 2022,,https://www.coffeeshopmenus.org/cs-crash-light.html
Crush,open,Marnixstraat 383,1016 XR,Amsterdam,"Marnixstraat 383, 1016 XR Amsterdam",Crush,Crush/logo.png,1,23,20 June 2026,,https://www.coffeeshopmenus.org/cs-crush.html
D&L,open,Govert Flinckstraat 323,1074 CB,Amsterdam,"Govert Flinckstraat 323, 1074 CB Amsterdam",D&L,D&L/logo.png,1,6,19 December 2021,,https://www.coffeeshopmenus.org/cs-d-l.html
Dampkring,open,Handboogstraat 29,1012 XM,Amsterdam,"Handboogstraat 29, 1012 XM Amsterdam",Dampkring,Dampkring/logo.png,1,90,18 June 2026,,https://www.coffeeshopmenus.org/cs-dampkring.html
Dampkring 2,open,Haarlemmerstraat 44,1013 ES,Amsterdam,"Haarlemmerstraat 44, 1013 ES Amsterdam",Dampkring 2,Dampkring 2/logo.png,4,17,4 October 2016,Previously Pink Floyd and later CoffeeshopAmsterdam,https://www.coffeeshopmenus.org/cs-dampkring-2.html
de Barentsz,open,Barentszstraat 130,1013 NS,Amsterdam,"Barentszstraat 130, 1013 NS Amsterdam",Barentsz,Barentsz/logo.png,1,,24 September 2010,Later Baba,https://www.coffeeshopmenus.org/cs-barentsz.html
de Bommel,open,Balboastraat 19,1057 VT,Amsterdam,"Balboastraat 19, 1057 VT Amsterdam",deBommel,deBommel/logo.png,1,3,21 April 2023,,https://www.coffeeshopmenus.org/cs-bommel.html
de Graal,closed,Albert Cuypstraat 25,1072 CK,Amsterdam,"Albert Cuypstraat 25, 1072 CK Amsterdam",de Graal,de Graal/logo.png,1,30,7 December 2016,Historic coffeeshop,https://www.coffeeshopmenus.org/cs-graal.html
De Kade,open,Stadionkade 107,1076 BN,Amsterdam,"Stadionkade 107, 1076 BN Amsterdam",deKade,deKade/logo.png,1,24,12 July 2026,,https://www.coffeeshopmenus.org/cs-kade.html
de Keeper,open,Van Woustraat 193,1074 AN,Amsterdam,"Van Woustraat 193, 1074 AN Amsterdam",de Keeper,de Keeper/logo.png,1,,5 November 2009,Later SuperFly,https://www.coffeeshopmenus.org/cs-keeper.html
de Kroon,open,Oudebrugsteeg 26,1012 JP,Amsterdam,"Oudebrugsteeg 26, 1012 JP Amsterdam",de Kroon,de Kroon/logo.png,1,17,12 September 2025,Later Tha Dogg House 2,https://www.coffeeshopmenus.org/cs-kroon.html
de Overkant Hortus,open,Nieuwe Herengracht 71,1011 RR,Amsterdam,"Nieuwe Herengracht 71, 1011 RR Amsterdam",de Overkant Hortus,de Overkant Hortus/logo.png,1,30,15 July 2026,,https://www.coffeeshopmenus.org/cs-overkant-hortus.html
De Prijs,open,Surinamestraat 7,1058 GJ,Amsterdam,"Surinamestraat 7, Amsterdam 1058 GJ",Prijs,Prijs/logo.png,1,,10 January 2024,,https://www.coffeeshopmenus.org/cs-prijs.html
de Supermarkt,open,Frederik Hendrikstraat 69,1052 HL,Amsterdam,"Frederik Hendrikstraat 69, 1052 HL Amsterdam",Supermarkt,Supermarkt/logo.png,1,10,3 May 2026,,https://www.coffeeshopmenus.org/cs-supermarkt.html
Delmondo,closed,Nieuwmarkt 28,1012 CS,Amsterdam,"Nieuwmarkt 28, Amsterdam 1012 CS",Delmondo,Delmondo/logo.png,1,,,Historic coffeeshop,https://www.coffeeshopmenus.org/cs-delmondo.html
DNA,open,Achillesstraat 104,1076 RH,Amsterdam,"Achillesstraat 104, 1076 RH Amsterdam",DNA,DNA/logo.png,1,17,12 July 2026,,https://www.coffeeshopmenus.org/cs-dna.html
Dolphins,open,Kerkstraat 39,1017 GB,Amsterdam,"Kerkstraat 39, 1017 GB Amsterdam",Dolphins,Dolphins/logo.png,1,26,12 May 2026,,https://www.coffeeshopmenus.org/cs-dolphins.html
Doors Palace,open,Spuistraat 46,1012 TV,Amsterdam,"Spuistraat 46, 1012 TV Amsterdam",DoorsPalace,DoorsPalace/logo.png,1,,21 August 2013,,https://www.coffeeshopmenus.org/cs-doors-palace.html
Double Reggae,closed,Nieuwendijk 32,1012 MK,Amsterdam,"Nieuwendijk 32, 1012 MK Amsterdam",Double Reggae,Double Reggae/logo.png,1,,26 July 2008,Historic coffeeshop,https://www.coffeeshopmenus.org/cs-double-reggae.html
Dutch Flowers,open,Singel 387,1012 WN,Amsterdam,"Singel 387, 1012 WN Amsterdam",Dutch Flowers,Dutch Flowers/logo.png,1,7,23 August 2013,Later 420 Coffeeshop,https://www.coffeeshopmenus.org/cs-dutch-flowers.html
Eastwood,open,Pieter Vlamingstraat 286,1093 AK,Amsterdam,"Pieter Vlamingstraat 286, 1093 AK Amsterdam",Eastwood,Eastwood/logo.png,1,7,19 August 2024,,https://www.coffeeshopmenus.org/cs-eastwood.html
Easy Times,open,Prinsengracht 476,1017 KG,Amsterdam,"Prinsengracht 476, 1017 KG Amsterdam",Easy Times,Easy Times/logo.png,1,57,18 July 2026,,https://www.coffeeshopmenus.org/cs-easy-times.html
Easy Times 2,open,Reguliersdwarsstraat 29,1017 BJ,Amsterdam,"Reguliersdwarsstraat 29, Amsterdam 1017 BJ",Easy Times,Easy Times/logo.png,1,3,20 June 2026,Previously Betty Two. See also Easy Times,https://www.coffeeshopmenus.org/cs-easytimes2.html
El Guapo,open,Nieuwe Nieuwstraat 32,1012 NH,Amsterdam,"Nieuwe Nieuwstraat 32, 1012 NH Amsterdam",El Guapo,El Guapo/logo.png,1,8,18 January 2020,Later Terps Army,https://www.coffeeshopmenus.org/cs-guapo.html
El Marssa,open,Witte de Withstraat 106,1057 ZG,Amsterdam,"Witte de Withstraat 106, 1057 ZG Amsterdam",ElMarssa,ElMarssa/logo.png,1,3,25 August 2025,,https://www.coffeeshopmenus.org/cs-marssa.html
Extreme,closed,Huidenstraat 13a,1016 ER,Amsterdam,"Huidenstraat 13a, 1016 ER Amsterdam",Extreme,Extreme/logo.png,4,7,20 November 2009,Later Best Friends Centrum and now closed,https://www.coffeeshopmenus.org/cs-extreme.html
Family First,open,Amstel 36,1017 AB,Amsterdam,"Amstel 36, Amsterdam 1017 AB",FamilyFirst,FamilyFirst/logo.png,1,60,18 July 2026,,https://www.coffeeshopmenus.org/cs-family-first.html
Feels Good,closed,Oudezijds Voorburgwal 36,1012 GD,Amsterdam,"Oudezijds Voorburgwal 36, 1012 GD Amsterdam",FeelsGood,FeelsGood/logo.png,3,4,21 November 2019,Historic coffeeshop,https://www.coffeeshopmenus.org/cs-feels-good.html
Flower Power,open,Rozengracht 139,1016 LV,Amsterdam,"Rozengracht 139, 1016 LV Amsterdam",FlowerPower,FlowerPower/logo.png,1,20,10 April 2026,,https://www.coffeeshopmenus.org/cs-flower-power.html
Free I,open,Reguliersdwarsstraat 70,1017 BN,Amsterdam,"Reguliersdwarsstraat 70, 1017 BN Amsterdam",Free 1,Free 1/logo.png,1,5,24 November 2025,,https://www.coffeeshopmenus.org/cs-free-i.html
Freedom,open,Van Hogendorpstraat 201,1051 CA,Amsterdam,"Van Hogendorpstraat 201, 1051 CA Amsterdam",Freedom,Freedom/logo.png,1,13,8 June 2026,,https://www.coffeeshopmenus.org/cs-freedom.html
Freeworld,open,Nieuwendijk 30,1012 MK,Amsterdam,"Nieuwendijk 30, 1012 MK Amsterdam",Freeworld,Freeworld/logo.png,1,7,21 February 2015,,https://www.coffeeshopmenus.org/cs-freeworld.html
Funky Munkey,open,Marnixstraat 333,1016 TC,Amsterdam,"Marnixstraat 333, 1016 TC Amsterdam",Funky Munky,Funky Munky/logo.png,1,14,14 September 2023,Later SWED a Snoop Dogg Store,https://www.coffeeshopmenus.org/cs-funky-munkey.html
Funny People 2,open,Tt. Vasumweg 4C,1033 SC,Amsterdam,"Tt. Vasumweg 4C, Amsterdam 1033 SC",FunnyPeople,FunnyPeople/logo.png,1,3,4 September 2025,,https://www.coffeeshopmenus.org/cs-funnypeople2.html
Get Down To It,open,Korte Leidsedwarsstraat 77-79,1017 PW,Amsterdam,"Korte Leidsedwarsstraat 77-79, 1017 PW Amsterdam",Get Down To It,Get Down To It/logo.png,1,18,12 May 2026,,https://www.coffeeshopmenus.org/cs-get-down.html
Global Chillage,open,,,,",",Globalchillage,Globalchillage/logo.png,1,,1 August 2007,Later Happy Feelings,https://www.coffeeshopmenus.org/cs-global-chillage.html
Goa,open,Kloveniersburgwal 42,1012 CW,Amsterdam,"Kloveniersburgwal 42, 1012 CW Amsterdam",GOA,GOA/logo.png,2,19,29 May 2026,,https://www.coffeeshopmenus.org/cs-goa.html
Green Place,open,Kloveniersburgwal 4,1012 CT,Amsterdam,"Kloveniersburgwal 4, 1012 CT Amsterdam",Green Place,Green Place/logo.png,1,86,29 July 2026,,https://www.coffeeshopmenus.org/cs-green-place.html
Green Place 2,open,Haarlemmerstraat 6,1013 ER,Amsterdam,"Haarlemmerstraat 6, Amsterdam 1013 ER",Green Place,Green Place/logo.png,1,30,29 June 2026,Previously Amsterdamned. See also Original Green Place near Nieuwmarkt.,https://www.coffeeshopmenus.org/cs-green-place-2.html
Greenhouse Centrum,open,Oudezijds Voorburgwal 191,1012 EW,Amsterdam,"Oudezijds Voorburgwal 191, 1012 EW Amsterdam",Greenhouse Centrum,Greenhouse Centrum/logo.png,1,87,24 July 2026,,https://www.coffeeshopmenus.org/cs-greenhouse-centrum.html
Greenhouse Cookies,open,Haarlemmerstraat 64,1013 ET,Amsterdam,"Haarlemmerstraat 64, Amsterdam 1013 ET",Greenhouse Centrum,Greenhouse Centrum/logo.png,1,19,4 July 2026,,https://www.coffeeshopmenus.org/cs-greenhouse-cookies.html
Greenhouse Effect,open,Nieuwmarkt 14,1012 CR,Amsterdam,"Nieuwmarkt 14, Amsterdam 1012 CR",Greenhouse Effect,Greenhouse Effect/logo.png,1,10,4 September 2025,Previously Hill Street Blues OTM and later Tyson 2.0 Nieuwmarkt,https://www.coffeeshopmenus.org/cs-greenhouse-effect-1.html
Greenhouse Effect (original),closed,Warmoesstraat 53-55,1012 HW,Amsterdam,"Warmoesstraat 53-55, 1012 HW Amsterdam",Greenhouse Effect,Greenhouse Effect/logo.png,1,4,6 February 2013,Historic coffeeshop. See also Greenhouse Effect on Nieuwmarkt.,https://www.coffeeshopmenus.org/cs-greenhouse-effect-0.html
Greenhouse Namaste,open,Waterlooplein 345,1011 PG,Amsterdam,"Waterlooplein 345, Amsterdam 1011 PG",Greenhouse Centrum,Greenhouse Centrum/logo.png,1,4,12 November 2024,,https://www.coffeeshopmenus.org/cs-greenhouse-namaste.html
Greenhouse Strain Hunters,open,Singel 387,1012 WN,Amsterdam,"Singel 387, 1012 WN Amsterdam",StrainHunters,StrainHunters/logo.png,1,13,5 February 2025,"Previously 420 Coffeeshop. See also Cookies, Greenhouse Centrum and Greenhouse Namaste",https://www.coffeeshopmenus.org/cs-greenhouse-strain-hunters.html
Grey Area,open,Oude Leliestraat 2,1015 AW,Amsterdam,"Oude Leliestraat 2, 1015 AW Amsterdam",Grey Area,Grey Area/logo.png,1,47,9 April 2026,,https://www.coffeeshopmenus.org/cs-grey-area.html
Happiness,open,Orteliusstraat 193,1056 NP,Amsterdam,"Orteliusstraat 193, 1056 NP Amsterdam",Happiness,Happiness/logo.png,1,,15 June 2010,Later Hunter's West,https://www.coffeeshopmenus.org/cs-happiness.html
Happy Days,open,Amsteldijk 139,1079 LE,Amsterdam,"Amsteldijk 139, Amsterdam 1079 LE",HappyDaysAms,HappyDaysAms/logo.png,1,2,3 June 2026,,https://www.coffeeshopmenus.org/cs-happy-days-ams.html
Happy Feelings,open,Kerkstraat 51,1017 GC,Amsterdam,"Kerkstraat 51, 1017 GC Amsterdam",HappyFeelings,HappyFeelings/logo.png,1,15,3 July 2026,Previously Global Chillage,https://www.coffeeshopmenus.org/cs-happy-feelings.html
Happy People,open,Dapperstraat 2,1093 BT,Amsterdam,"Dapperstraat 2, 1093 BT Amsterdam",Happy People,Happy People/logo.png,1,5,25 April 2025,,https://www.coffeeshopmenus.org/cs-happy-people.html
Hashtag,open,Reguliersgracht 27,1017 LK,Amsterdam,"Reguliersgracht 27, Amsterdam 1017 LK",Hashtag,Hashtag/logo.png,1,34,12 July 2026,Previously Barney's Lounge,https://www.coffeeshopmenus.org/cs-hashtag.html
Het Ballonnetje,open,Roetersstraat 12,1018 WD,Amsterdam,"Roetersstraat 12, 1018 WD Amsterdam",het Ballonnetje,het Ballonnetje/logo.png,1,60,18 July 2026,,https://www.coffeeshopmenus.org/cs-ballonnetje.html
Het Gelderse,open,Geldersekade 54,1012 BK,Amsterdam,"Geldersekade 54, 1012 BK Amsterdam",het Gelderse,het Gelderse/logo.png,2,65,30 July 2026,,https://www.coffeeshopmenus.org/cs-gelderse.html
High Time,closed,Wijde Kerksteeg 3,1012 GW,Amsterdam,"Wijde Kerksteeg 3, 1012 GW Amsterdam",HighTimes,HighTimes/logo.png,1,3,25 September 2014,Historic coffeeshop,https://www.coffeeshopmenus.org/cs-high-time.html
Highway,closed,Lange Niezel 25,1012 GS,Amsterdam,"Lange Niezel 25, 1012 GS Amsterdam",Highway,Highway/logo.png,1,3,1 May 2012,Historic coffeeshop,https://www.coffeeshopmenus.org/cs-highway.html
Hill Street Blues,open,Warmoesstraat 52a,1012 JG,Amsterdam,"Warmoesstraat 52a, 1012 JG Amsterdam",Hill Street Blues,Hill Street Blues/logo.png,1,,1 June 2010,Now just a bar.,https://www.coffeeshopmenus.org/cs-hill-street-blues.html
Hill Street Blues OTM,open,Nieuwmarkt 14,1012 CR,Amsterdam,"Nieuwmarkt 14, 1012 CR Amsterdam",Hill Street Blues OTM,Hill Street Blues OTM/logo.png,2,8,23 April 2014,Later Greenhouse Effect,https://www.coffeeshopmenus.org/cs-hill-street-blues-otm.html
Homegrown Fantasy,closed,Nieuwezijds Voorburgwal 87a,1012 RE,Amsterdam,"Nieuwezijds Voorburgwal 87a, 1012 RE Amsterdam",Homegrown Fantasy,Homegrown Fantasy/logo.png,2,26,30 June 2014,Historic coffeeshop,https://www.coffeeshopmenus.org/cs-homegrown-fantasy.html
Hugo de Groot,open,Frederik Hendrikstraat 123,1052 HP,Amsterdam,"Frederik Hendrikstraat 123, 1052 HP Amsterdam",Hugo de Groot,Hugo de Groot/logo.png,1,6,23 October 2015,Later The Plug West,https://www.coffeeshopmenus.org/cs-hugo-de-groot.html
Hunter's Bar,open,Warmoesstraat 24,1012 JD,Amsterdam,"Warmoesstraat 24, Amsterdam 1012 JD",Hunters - Hunters Coffeeshop,Hunters - Hunters Coffeeshop/logo.png,1,26,21 February 2015,,https://www.coffeeshopmenus.org/cs-hunters-bar.html
Hunter's Downtown,open,Utrechtsestraat 14,1017 VN,Amsterdam,"Utrechtsestraat 14, Amsterdam 1017 VN",Hunters - Hunters Coffeeshop,Hunters - Hunters Coffeeshop/logo.png,1,4,24 November 2025,Previously Hunter's Rembrandtsquare,https://www.coffeeshopmenus.org/cs-huntersdowntown.html
Hunter's North - Papaverweg,open,Papaverweg 2,1032 KH,Amsterdam,"Papaverweg 2, Amsterdam 1032 KH",huntersnorth-papaverweg,huntersnorth-papaverweg/logo.png,1,3,2 October 2025,,https://www.coffeeshopmenus.org/cs-huntersnorthpapaverweg.html
Hunter's North - Waterlandplein,open,Waterlandplein 7,1024 LL,Amsterdam,"Waterlandplein 7, Amsterdam 1024 LL",huntersnorth-waterlandplein,huntersnorth-waterlandplein/logo.png,1,2,25 June 2025,,https://www.coffeeshopmenus.org/cs-huntersnorthwaterlandplein.html
Hunter's Rembrandtsquare,open,Utrechtsestraat 14,1017 VN,Amsterdam,"Utrechtsestraat 14, 1017 VN Amsterdam",Hunters - Hunters Coffeeshop,Hunters - Hunters Coffeeshop/logo.png,1,20,19 May 2025,Previously Sevilla and later Hunter's Downtown,https://www.coffeeshopmenus.org/cs-hunters-rembrandt.html
Hunter's West,open,Orteliusstraat 193,1056 NP,Amsterdam,"Orteliusstraat 193, Amsterdam 1056 NP",Hunters - Hunters Coffeeshop,Hunters - Hunters Coffeeshop/logo.png,1,11,25 July 2026,Previously Happiness. and Hunter's Mercatorsquare,https://www.coffeeshopmenus.org/cs-hunters-mercator.html
Ibiza,open,Hemonystraat 16,1074 BP,Amsterdam,"Hemonystraat 16, 1074 BP Amsterdam",Ibiza,Ibiza/logo.png,1,8,11 October 2024,,https://www.coffeeshopmenus.org/cs-ibiza.html
Johnny,open,Elandsgracht 3,1016 TM,Amsterdam,"Elandsgracht 3, 1016 TM Amsterdam",Johnny,Johnny/logo.png,1,69,18 September 2024,,https://www.coffeeshopmenus.org/cs-johnny.html
Jolly Joker,open,Nieuwmarkt 4a,1012 BC,Amsterdam,"Nieuwmarkt 4a, 1012 BC Amsterdam",Jolly Joker,Jolly Joker/logo.png,1,5,4 April 2026,,https://www.coffeeshopmenus.org/cs-jolly-joker.html
Jollygood,open,2e Laurierdwarsstraat 44,1016 RB,Amsterdam,"2e Laurierdwarsstraat 44, Amsterdam 1016 RB",MrKs,MrKs/logo.png,2,9,18 July 2026,Previously Mr. K's,https://www.coffeeshopmenus.org/cs-jollygood.html
Juice Bar de Watersnip,open,Lodewijk van Deysselstraat 37,1064 HL,Amsterdam,"Lodewijk van Deysselstraat 37, Amsterdam 1064 HL",Watersnip,Watersnip/logo.png,1,3,20 July 2026,,https://www.coffeeshopmenus.org/cs-watersnip.html
Kabouter,open,Ruysdaelkade 145,1072 AR,Amsterdam,"Ruysdaelkade 145, 1072 AR Amsterdam",Kabouter,Kabouter/logo.png,1,2,26 November 2013,Later Stones,https://www.coffeeshopmenus.org/cs-kabouter.html
Kadinsky,open,Rosmarijnsteeg 9,1012 RP,Amsterdam,"Rosmarijnsteeg 9, Amsterdam 1012 RP",Kadinsky,Kadinsky/logo.png,1,54,24 May 2026,,https://www.coffeeshopmenus.org/cs-kadinsky.html
Kadinsky 2,open,Zoutsteeg 14,1012 LX,Amsterdam,"Zoutsteeg 14, Amsterdam 1012 LX",Kadinsky,Kadinsky/logo.png,1,3,8 September 2025,,https://www.coffeeshopmenus.org/cs-kadinsky2.html
Kadinsky 3,open,Langebrugsteeg 7a,1012 GB,Amsterdam,"Langebrugsteeg 7a, Amsterdam 1012 GB",Kadinsky,Kadinsky/logo.png,1,,10 December 2024,,https://www.coffeeshopmenus.org/cs-kadinsky3.html
Kashmir Coffeeshop,open,Jan Pieter Heijestraat 82,1053 GS,Amsterdam,"Jan Pieter Heijestraat 82, Amsterdam 1053 GS",Kashmir Lounge,Kashmir Lounge/logo.png,1,7,19 March 2023,,https://www.coffeeshopmenus.org/cs-kashmir-coffeeshop.html
Kashmir Lounge (bar),open,Jan Pieter Heijestraat 85-87,1053 GM,Amsterdam,"Jan Pieter Heijestraat 85-87, 1053 GM Amsterdam",Kashmir Lounge,Kashmir Lounge/logo.png,1,4,30 October 2011,,https://www.coffeeshopmenus.org/cs-kashmir-lounge.html
Katsu,open,1e van der Helststraat 70,1072 NZ,Amsterdam,"1e van der Helststraat 70, Amsterdam 1072 NZ",Katsu,Katsu/logo.png,1,134,22 July 2026,,https://www.coffeeshopmenus.org/cs-katsu.html
Kooi,open,Amstelstraat 35,1017 DA,Amsterdam,"Amstelstraat 35, 1017 DA Amsterdam",Kooi,Kooi/logo.png,2,,2 April 2022,Previously Old Amsterdam and later New Times 2,https://www.coffeeshopmenus.org/cs-kooi.html
La Canna,closed,Nieuwendijk 123-125,1012 ME,Amsterdam,"Nieuwendijk 123-125, 1012 ME, Amsterdam",La Canna,La Canna/logo.png,1,,,Historic coffeeshop,https://www.coffeeshopmenus.org/cs-canna.html
La Tertulia,open,Prinsengracht 312,1016 HX,Amsterdam,"Prinsengracht 312, 1016 HX Amsterdam",La Tertulia,La Tertulia/logo.png,1,8,28 December 2024,,https://www.coffeeshopmenus.org/cs-tertulia.html
Little,closed,Vijzelgracht 47,1017 HP,Amsterdam,"Vijzelgracht 47, 1017 HP Amsterdam",Little,Little/logo.png,1,3,5 November 2009,Historic coffeeshop,https://www.coffeeshopmenus.org/cs-little.html
Loft,open,Jan van Galenstraat 285,1056 CA,Amsterdam,"Jan van Galenstraat 285, 1056 CA Amsterdam",Loft,Loft/logo.png,1,15,14 July 2026,,https://www.coffeeshopmenus.org/cs-loft.html
Magic,closed,Herengracht 287,1016 BL,Amsterdam,"Herengracht 287, 1016 BL Amsterdam",Magic,Magic/logo.png,1,3,27 April 2014,Historic coffeeshop,https://www.coffeeshopmenus.org/cs-magic-ams.html
Massawa,open,Chassestraat 4,1057 JD,Amsterdam,"Chassestraat 4, 1057 JD, Amsterdam",Massawa,Massawa/logo.png,1,7,20 August 2024,,https://www.coffeeshopmenus.org/cs-massawa.html
Mediterrane (Drewissharing),open,Spuistraat 80,1012 TX,Amsterdam,"Spuistraat 80, Amsterdam 1012 TX",Mediterrane,Mediterrane/logo.png,1,23,13 May 2026,,https://www.coffeeshopmenus.org/cs-mediterrane.html
Mellow Yellow,closed,Vijzelgracht 33,1017 HN,Amsterdam,"Vijzelgracht 33, 1017 HN Amsterdam",Mellow Yellow,Mellow Yellow/logo.png,2,20,26 November 2015,Historic coffeeshop,https://www.coffeeshopmenus.org/cs-mellow-yellow.html
Millennium,open,Jan Hanzenstraat 109,1053 SN,Amsterdam,"Jan Hanzenstraat 109, 1053 SN, Amsterdam",Millennium,Millennium/logo.png,1,3,22 April 2023,,https://www.coffeeshopmenus.org/cs-millennium.html
Mr. K's,open,2e Laurierdwarsstraat 44,1016 RB,Amsterdam,"2e Laurierdwarsstraat 44, Amsterdam 1016 RB",MrKs,MrKs/logo.png,1,37,21 August 2025,Previously Sanementereng and later Jollygood,https://www.coffeeshopmenus.org/cs-mr-k.html
Nachtegaal,open,Krugerplein 22,1091 KZ,Amsterdam,"Krugerplein 22, 1091 KZ Amsterdam",Nachtegaal,Nachtegaal/logo.png,1,,18 August 2022,,https://www.coffeeshopmenus.org/cs-nachtegaal.html
Nes Cafe,closed,Nes 33,1012 KC,Amsterdam,"Nes 33, 1012 KC Amsterdam",Nescafe,Nescafe/logo.png,1,6,1 January 2007,Historic coffeeshop,https://www.coffeeshopmenus.org/cs-nes-cafe.html
New Amsterdam,open,Hoofdweg 226,1057 DG,Amsterdam,"Hoofdweg 226, 1057 DG, Amsterdam",NieuwAmsterdam,NieuwAmsterdam/logo.png,2,5,28 August 2025,,https://www.coffeeshopmenus.org/cs-new-amsterdam.html
New Times,open,Spuistraat 260,1012 VW,Amsterdam,"Spuistraat 260, 1012 VW Amsterdam",New Times,New Times/logo.png,1,41,14 June 2026,,https://www.coffeeshopmenus.org/cs-new-times.html
New Times 2,open,Amstelstraat 35,1017 DA,Amsterdam,"Amstelstraat 35, Amsterdam 1017 DA",New Times,New Times/logo.png,1,2,31 March 2026,Previously Kooi,https://www.coffeeshopmenus.org/cs-newtimes2.html
Nice Dreams,open,Sint Antoniesbreestraat 77,1011 HB,Amsterdam,"Sint Antoniesbreestraat 77, Amsterdam 1011 HB",Nice Dreams,Nice Dreams/logo.png,1,,,Later Reefer,https://www.coffeeshopmenus.org/cs-nice-dreams.html
Nice Place,open,Van Ostadestraat 290,1073 TW,Amsterdam,"Van Ostadestraat 290, 1073 TW Amsterdam",NicePlace,NicePlace/logo.png,1,,25 April 2022,,https://www.coffeeshopmenus.org/cs-nice-place.html
Noon,open,Zieseniskade 22,1017 RT,Amsterdam,"Zieseniskade 22, 1017 RT Amsterdam",Noon,Noon/logo.png,1,14,26 August 2021,Later Terps Army 2,https://www.coffeeshopmenus.org/cs-noon.html
Noord,open,Ooievaarsweg 10,1021 GZ,Amsterdam,"Ooievaarsweg 10, 1021 GZ, Amsterdam",AmGenNoord,AmGenNoord/logo.png,1,4,17 June 2024,Previously 't Ooievaartje,https://www.coffeeshopmenus.org/cs-noord.html
Ocean,closed,Dusartstraat 57,1072 HP,Amsterdam,"Dusartstraat 57, 1072 HP Amsterdam",Ocean,Ocean/logo.png,1,,25 November 2010,Historic coffeeshop,https://www.coffeeshopmenus.org/cs-ocean.html
Old Amsterdam,open,Amstelstraat 35,1017 DA,Amsterdam,"Amstelstraat 35, Amsterdam 1017 DA",Old Amsterdam,Old Amsterdam/logo.png,1,5,19 April 2016,Later Kooi,https://www.coffeeshopmenus.org/cs-old-amsterdam.html
Old Church (original),open,Oudekerksplein 54,1012 HA,Amsterdam,"Oudekerksplein 54, Amsterdam 1012 HA",Old Church,Old Church/logo.png,4,10,1 October 2009,"Formerly a coffeeshop, now a bar. See also Old Church 2.",https://www.coffeeshopmenus.org/cs-old-church-1.html
Old Church 2,open,Amstel 8,1017 AA,Amsterdam,"Amstel 8, 1017 AA Amsterdam",Old Church,Old Church/logo.png,1,62,16 June 2026,,https://www.coffeeshopmenus.org/cs-old-church-2.html
Pacific,open,Balthasar Floriszstraat 10,1071 VC,Amsterdam,"Balthasar Floriszstraat 10, Amsterdam 1071 VC",Pacific,Pacific/logo.png,1,7,14 February 2026,,https://www.coffeeshopmenus.org/cs-pacific.html
Papillon,open,Van Der Helstplein 8,1072 PH,Amsterdam,"Van Der Helstplein 8, 1072 PH Amsterdam",Papillon,Papillon/logo.png,1,16,13 July 2026,,https://www.coffeeshopmenus.org/cs-papillon-ams.html
Paradox,open,1e Bloemdwarsstraat 2,1016 KS,Amsterdam,"1e Bloemdwarsstraat 2, 1016 KS Amsterdam",Paradox,Paradox/logo.png,1,46,11 September 2025,,https://www.coffeeshopmenus.org/cs-paradox.html
Picasso,open,Haarlemmerstraat 6,1013 ER,Amsterdam,"Haarlemmerstraat 6, Amsterdam 1013 ER",Picasso,Picasso/logo.png,2,8,26 September 2013,Later Amsterdamned,https://www.coffeeshopmenus.org/cs-picasso.html
Pick Up The Pieces,closed,Oude Hoogstraat 5,1012 CD,Amsterdam,"Oude Hoogstraat 5, 1012 CD Amsterdam",Pick Up The Pieces,Pick Up The Pieces/logo.png,1,3,26 September 2013,Historic coffeeshop,https://www.coffeeshopmenus.org/cs-pick-up-the-pieces.html
Pink Floyd,open,Haarlemmerstraat 44,1013 ES,Amsterdam,"Haarlemmerstraat 44, Amsterdam 1013 ES",Pink Floyd,Pink Floyd/logo.png,1,2,17 April 2007,Later Dampkring 2,https://www.coffeeshopmenus.org/cs-pink-floyd.html
Popeye,open,Haarlemmerstraat 63,1013 EK,Amsterdam,"Haarlemmerstraat 63, 1013 EK Amsterdam",Popeye,Popeye/logo.png,1,21,24 June 2026,,https://www.coffeeshopmenus.org/cs-popeye.html
Prix d'Ami,open,Haringpakkerssteeg 3,1012 LR,Amsterdam,"Haringpakkerssteeg 3, Amsterdam 1012 LR",Prix DAmi,Prix DAmi/logo.png,1,106,12 May 2026,,https://www.coffeeshopmenus.org/cs-prix-d-ami.html
ProGram,open,Daniel Stalpertstraat 78,1072 XK,Amsterdam,"Daniel Stalpertstraat 78, Amsterdam 1072 XK",program,program/logo.png,1,4,30 July 2026,Previously Superskunk 1,https://www.coffeeshopmenus.org/cs-program.html
Rasta Baby,closed,Prins Hendrikkade 6-7,1012 TK,Amsterdam,"Prins Hendrikkade 6-7, 1012 TK Amsterdam",Rasta Baby,Rasta Baby/logo.png,1,4,30 July 2010,Historic coffeeshop,https://www.coffeeshopmenus.org/cs-rasta-baby.html
Reefer,open,Sint Antoniesbreestraat 77,1011 HB,Amsterdam,"Sint Antoniesbreestraat 77, 1011 HB Amsterdam",Reefer,Reefer/logo.png,1,23,13 July 2026,Previously Nice Dreams,https://www.coffeeshopmenus.org/cs-reefer.html
Relax,open,Binnen Oranjestraat 9,1013 HZ,Amsterdam,"Binnen Oranjestraat 9, 1013 HZ Amsterdam",Relax,Relax/logo.png,3,55,13 July 2026,,https://www.coffeeshopmenus.org/cs-relax-ams.html
Relax Zuid,open,Vechtstraat 9,1078 RE,Amsterdam,"Vechtstraat 9, Amsterdam 1078 RE",Relax,Relax/logo.png,3,38,13 July 2026,,https://www.coffeeshopmenus.org/cs-relaxzuid.html
Republiek,open,2e Nassaustraat 1A,1052 BJ,Amsterdam,"2e Nassaustraat 1A, 1052 BJ, Amsterdam",Republiek,Republiek/logo.png,1,11,2 August 2026,,https://www.coffeeshopmenus.org/cs-republiek.html
Resin,open,Hekelveld 7,1012 SN,Amsterdam,"Hekelveld 7, 1012 SN Amsterdam",Resin,Resin/logo.png,1,11,29 July 2026,,https://www.coffeeshopmenus.org/cs-resin.html
Ricks Coffeeshop,open,Oudezijds Voorburgwal 250,1012 GK,Amsterdam,"Oudezijds Voorburgwal 250, Amsterdam 1012 GK",RicksCafe,RicksCafe/logo.png,1,,2 April 2022,,https://www.coffeeshopmenus.org/cs-ricks-cafe.html
Risky Business,open,Bos en Lommerweg 163,1055 DS,Amsterdam,"Bos en Lommerweg 163, 1055 DS Amsterdam",RiskyBusiness,RiskyBusiness/logo.png,1,3,23 June 2026,,https://www.coffeeshopmenus.org/cs-risky-business.html
Rock-It,open,Nieuwmarkt 12,1012 CR,Amsterdam,"Nieuwmarkt 12, 1012 CR Amsterdam",Rock-It,Rock-It/logo.png,1,8,25 February 2025,,https://www.coffeeshopmenus.org/cs-rock-it.html
Rockland,open,Raadhuisstraat 8,1016 DE,Amsterdam,"Raadhuisstraat 8, Amsterdam 1016 DE",Rockland,Rockland/logo.png,1,2,2 April 2022,,https://www.coffeeshopmenus.org/cs-rockland.html
Rokerij,closed,Lange Leidsedwarsstraat 41,1017 NG,Amsterdam,"Lange Leidsedwarsstraat 41, 1017 NG Amsterdam",Rokerij,Rokerij/logo.png,1,17,21 November 2011,Historic coffeeshop,https://www.coffeeshopmenus.org/cs-rokerij.html
Rookies,open,Korte Leidsedwarsstraat 145-147,1017 PZ,Amsterdam,"Korte Leidsedwarsstraat 145-147, 1017 PZ Amsterdam",Rookies,Rookies/logo.png,1,40,17 June 2026,,https://www.coffeeshopmenus.org/cs-rookies.html
Roots,open,Hoekenrode 14B,1102 BR,Amsterdam,"Hoekenrode 14B, 1102 BR Amsterdam",Roots,Roots/logo.png,1,3,27 December 2025,,https://www.coffeeshopmenus.org/cs-roots.html
Route 66,open,Warmoesstraat 77,1012 HX,Amsterdam,"Warmoesstraat 77, 1012 HX Amsterdam",Route 66,Route 66/logo.png,1,2,31 August 2012,,https://www.coffeeshopmenus.org/cs-route-66.html
Roxy,open,Gerard Doustraat 188,1073 XA,Amsterdam,"Gerard Doustraat 188, 1073 XA Amsterdam",Roxy,Roxy/logo.png,1,3,4 July 2024,,https://www.coffeeshopmenus.org/cs-roxy.html
Rusland,open,Rusland 16,1012 CL,Amsterdam,"Rusland 16, 1012 CL Amsterdam",Rusland,Rusland/logo.png,2,23,3 April 2019,Later The Plug XXX,https://www.coffeeshopmenus.org/cs-rusland.html
Ruthless,open,Hoofdweg 174,1057 DC,Amsterdam,"Hoofdweg 174, 1057 DC Amsterdam",Ruthless,Ruthless/logo.png,1,4,20 August 2024,,https://www.coffeeshopmenus.org/cs-ruthless.html
Saint,open,Regulierssteeg 2,1017 CP,Amsterdam,"Regulierssteeg 2, Amsterdam 1017 CP",Saint,Saint/logo.png,1,11,7 April 2026,,https://www.coffeeshopmenus.org/cs-saint.html
Sanementereng,open,2e Laurierdwarsstraat 44,1016 RB,Amsterdam,"2e Laurierdwarsstraat 44, 1016 RB Amsterdam",Sanementereng,Sanementereng/logo.png,1,,17 April 2009,Later Mr. K's,https://www.coffeeshopmenus.org/cs-sanementereng.html
Sativa,open,Spuistraat 118,1012 VA,Amsterdam,"Spuistraat 118, 1012 VA, Amsterdam",Sativa,Sativa/logo.png,1,43,14 July 2026,,https://www.coffeeshopmenus.org/cs-sativa.html
Sensemillia,open,Gillis van Ledenberchstraat 135-HS,1052 LE,Amsterdam,"Gillis van Ledenberchstraat 135-HS, Amsterdam 1052 LE",Sensemillia,Sensemillia/logo.png,1,,25 August 2025,,https://www.coffeeshopmenus.org/cs-sensemillia1.html
Sensemillia 2,open,Meer en Vaart 177/b,1068 LA,Amsterdam,"Meer en Vaart 177/b, 1068 LA Amsterdam",Sensemillia,Sensemillia/logo.png,1,7,18 January 2026,,https://www.coffeeshopmenus.org/cs-sensemillia-2.html
Sevilla,open,Utrechtsestraat 14,1017 VN,Amsterdam,"Utrechtsestraat 14, 1017 VN Amsterdam",Sevilla,Sevilla/logo.png,1,2,5 November 2009,Later Hunter's Rembrandtsquare,https://www.coffeeshopmenus.org/cs-sevilla.html
Siberie,open,Brouwersgracht 11,1015 GA,Amsterdam,"Brouwersgracht 11, 1015 GA Amsterdam",Siberie,Siberie/logo.png,1,65,19 July 2026,,https://www.coffeeshopmenus.org/cs-siberie.html
Smoke Palace,closed,Linnaeusstraat 83,1093 EK,Amsterdam,"Linnaeusstraat 83, Amsterdam 1093 EK",SmokePalace,SmokePalace/logo.png,1,5,16 August 2017,Historic coffeeshop,https://www.coffeeshopmenus.org/cs-smoke-palace.html
Smokerdam,open,Vechtstraat 63,1079 JA,Amsterdam,"Vechtstraat 63, 1079 JA Amsterdam",Smokerdam,Smokerdam/logo.png,1,4,16 September 2025,,https://www.coffeeshopmenus.org/cs-smokerdam.html
Smokey,open,Rembrandtplein 24,1017 CV,Amsterdam,"Rembrandtplein 24, 1017 CV Amsterdam",Smokey,Smokey/logo.png,1,3,2 February 2025,,https://www.coffeeshopmenus.org/cs-smokey-ams.html
Softland,open,Spuistraat 222,1012 VA,Amsterdam,"Spuistraat 222, 1012 VA Amsterdam",Softland,Softland/logo.png,1,14,27 September 2019,Later Tyson 2.0,https://www.coffeeshopmenus.org/cs-softland.html
Solo,open,Korte Koningsstraat 2,1011 GA,Amsterdam,"Korte Koningsstraat 2, 1011 GA Amsterdam",Solo,Solo/logo.png,1,56,15 July 2026,,https://www.coffeeshopmenus.org/cs-solo.html
Speakeasy,closed,Oudebrugsteeg 4,1012 JP,Amsterdam,"Oudebrugsteeg 4, 1012 JP Amsterdam",Speakeasy,Speakeasy/logo.png,1,,7 February 2013,Historic coffeeshop. New Speakeasy at 1e Oosterparkstraat is still open.,https://www.coffeeshopmenus.org/cs-speak-easy-ams.html
Speakeasy 2,open,1e Oosterparkstraat 47,1091 GV,Amsterdam,"1e Oosterparkstraat 47, 1091 GV Amsterdam",SpeakeasyNew,SpeakeasyNew/logo.png,1,2,18 August 2022,,https://www.coffeeshopmenus.org/cs-speak-easy-ams-2.html
Spirit,open,Westerstraat 121,1015 LZ,Amsterdam,"Westerstraat 121, Amsterdam 1015 LZ",Spirit,Spirit/logo.png,1,18,22 April 2026,,https://www.coffeeshopmenus.org/cs-spirit.html
Stix,open,Utrechtsestraat 21,1017 VH,Amsterdam,"Utrechtsestraat 21, 1017 VH Amsterdam",Stix,Stix/logo.png,4,5,19 November 2008,Later Boerejongens Centrum,https://www.coffeeshopmenus.org/cs-stix.html
Stones,open,Ruysdaelkade 145,1072 AR,Amsterdam,"Ruysdaelkade 145, Amsterdam 1072 AR",Stones Corner,Stones Corner/logo.png,1,5,11 October 2024,Previously Kabouter,https://www.coffeeshopmenus.org/cs-stones.html
Stones Corner,closed,Warmoesstraat 59,1012 HW,Amsterdam,"Warmoesstraat 59, Amsterdam 1012 HW",Stones Corner,Stones Corner/logo.png,1,9,24 April 2015,Historic coffeeshop,https://www.coffeeshopmenus.org/cs-stones-corner.html
Stud,open,Molukkenstraat 581,1095 BJ,Amsterdam,"Molukkenstraat 581, Amsterdam 1095 BJ",Stud,Stud/logo.png,1,101,13 July 2026,,https://www.coffeeshopmenus.org/cs-stud.html
SuperFly,open,Van Woustraat 193,1074 AN,Amsterdam,"Van Woustraat 193, Amsterdam 1074 AN",superfly,superfly/logo.png,2,,28 July 2026,Previously de Keeper,https://www.coffeeshopmenus.org/cs-superflyams.html
Superskunk,open,Prinsengracht 480,1017 KG,Amsterdam,"Prinsengracht 480, 1017 KG Amsterdam",Superskunk,Superskunk/logo.png,1,11,20 September 2025,Previously Tops,https://www.coffeeshopmenus.org/cs-superskunk-2.html
Superskunk 1,open,Daniel Stalpertstraat 78,1072 XK,Amsterdam,"Daniel Stalpertstraat 78, Amsterdam 1072 XK",Superskunk1,Superskunk1/logo.png,1,,24 February 2024,Previously Atlantis and later ProGram,https://www.coffeeshopmenus.org/cs-superskunk1.html
SWED a Snoop Dogg Store,open,Marnixstraat 333,1016 TC,Amsterdam,"Marnixstraat 333, Amsterdam 1016 TC",SWEDams,SWEDams/logo.png,1,8,2 February 2025,Previously Funky Munkey and later Tha Dogg House,https://www.coffeeshopmenus.org/cs-swedasnoopdoggstore.html
Tatanka,open,Korte Leidsedwarsstraat 151a,1017 PZ,Amsterdam,"Korte Leidsedwarsstraat 151a, Amsterdam 1017 PZ",Tatanka - Shrooms,Tatanka - Shrooms/logo.png,2,3,15 July 2014,,https://www.coffeeshopmenus.org/cs-tatanka.html
Terminator,open,Admiraal de Ruijterweg 104,1056 GP,Amsterdam,"Admiraal de Ruijterweg 104, Amsterdam 1056 GP",Terminator,Terminator/logo.png,1,2,21 June 2020,,https://www.coffeeshopmenus.org/cs-terminator.html
Terps Army,open,Nieuwe Nieuwstraat 32,1012 NH,Amsterdam,"Nieuwe Nieuwstraat 32, 1012 NH Amsterdam",TerpsArmy,TerpsArmy/logo.png,1,56,13 May 2026,Previously El Guapo. See also Terps Army 2,https://www.coffeeshopmenus.org/cs-terps-army.html
Terps Army 2,open,Zieseniskade 22,1017 RT,Amsterdam,"Zieseniskade 22, Amsterdam 1017 RT",TerpsArmy,TerpsArmy/logo.png,1,15,6 December 2025,Previously Noon. See also Terps Army,https://www.coffeeshopmenus.org/cs-terps-army-2.html
Tha Dogg House,open,Marnixstraat 333,1016 TC,Amsterdam,"Marnixstraat 333, Amsterdam 1016 TC",dogghouse,dogghouse/logo.png,1,6,3 July 2026,Previously SWED a Snoop Dogg Store,https://www.coffeeshopmenus.org/cs-dogghouse.html
Tha Dogg House 2,open,Oudebrugsteeg 26,1012 JP,Amsterdam,"Oudebrugsteeg 26, 1012 JP Amsterdam",dogghouse,dogghouse/logo.png,1,,28 February 2026,Previously de Kroon,https://www.coffeeshopmenus.org/cs-dogghouse2.html
The Border,open,Amstelveenseweg 1160,1081 JW,Amsterdam,"Amstelveenseweg 1160, Amsterdam 1081 JW",border,border/logo.png,3,,22 January 2025,,https://www.coffeeshopmenus.org/cs-border.html
The Coin,closed,Warmoesstraat 37,1012 HV,Amsterdam,"Warmoesstraat 37, Amsterdam 1012 HV",Coin,Coin/logo.png,1,3,1 June 2008,Historic coffeeshop,https://www.coffeeshopmenus.org/cs-coin.html
The Corner,open,Spaarndammerdijk 9,1013 ZM,Amsterdam,"Spaarndammerdijk 9, Amsterdam 1013 ZM",Corner,Corner/logo.png,1,7,3 February 2024,,https://www.coffeeshopmenus.org/cs-corner.html
The Doors,open,Singel 14,1013 GA,Amsterdam,"Singel 14, 1013 GA Amsterdam",Doors,Doors/logo.png,1,,23 September 2013,Later The Store,https://www.coffeeshopmenus.org/cs-doors.html
The Hit,open,Rusland 16,1012 CL,Amsterdam,"Rusland 16, Amsterdam 1012 CL",Hit,Hit/logo.png,2,12,5 August 2026,Previously The Plug XXX,https://www.coffeeshopmenus.org/cs-hit2.html
The Otherside,open,Reguliersdwarsstraat 6,1017 BM,Amsterdam,"Reguliersdwarsstraat 6, 1017 BM Amsterdam",Otherside,Otherside/logo.png,1,8,30 July 2025,,https://www.coffeeshopmenus.org/cs-otherside.html
The Plug Store,open,Singel 14,1013 GA,Amsterdam,"Singel 14, Amsterdam 1013 GA",Utopia,Utopia/logo.png,1,5,21 April 2026,Previously The Store,https://www.coffeeshopmenus.org/cs-plugstore.html
The Plug Utopia,open,Nieuwezijds Voorburgwal 132,1012 SH,Amsterdam,"Nieuwezijds Voorburgwal 132, Amsterdam 1012 SH",Utopia,Utopia/logo.png,1,145,13 May 2026,,https://www.coffeeshopmenus.org/cs-plug-utopia.html
The Plug West,open,Frederik Hendrikstraat 123,1052 HP,Amsterdam,"Frederik Hendrikstraat 123, Amsterdam 1052 HP",Utopia,Utopia/logo.png,1,7,9 September 2024,Previously Hugo de Groot. See also Plug XXX and Plug Utopia,https://www.coffeeshopmenus.org/cs-plug-west.html
The Plug Westerdok,open,Barentszstraat 130,1013 NS,Amsterdam,"Barentszstraat 130, Amsterdam 1013 NS",plugwesterdok,plugwesterdok/logo.png,1,2,25 June 2026,Previously Baba,https://www.coffeeshopmenus.org/cs-plugwesterdok.html
The Plug XXX,open,Rusland 16,1012 CL,Amsterdam,"Rusland 16, Amsterdam 1012 CL",Utopia,Utopia/logo.png,1,18,20 August 2024,Previously Rusland and later The Hit. See also Plug Utopia and Plug West,https://www.coffeeshopmenus.org/cs-plug-xxx.html
The Point,open,3e Oosterparkstraat 73,1091 JV,Amsterdam,"3e Oosterparkstraat 73, 1091 JV Amsterdam",Point,Point/logo.png,1,,25 May 2015,Later Coffeeshop Oost,https://www.coffeeshopmenus.org/cs-point-ams.html
The Store,open,Singel 14,1013 GA,Amsterdam,"Singel 14, Amsterdam 1013 GA",Doors,Doors/logo.png,1,2,5 September 2023,Previously The Doors and later The Plug Store,https://www.coffeeshopmenus.org/cs-store.html
Tops,open,Prinsengracht 480,1017 KG,Amsterdam,"Prinsengracht 480, 1017 KG Amsterdam",Tops,Tops/logo.png,2,,30 September 2013,Later Superskunk,https://www.coffeeshopmenus.org/cs-tops-ams.html
Trefpunt,open,Zeeburgerdijk 33,1093 SL,Amsterdam,"Zeeburgerdijk 33, Amsterdam 1093 SL",Trefpunt,Trefpunt/logo.png,1,5,2 July 2025,,https://www.coffeeshopmenus.org/cs-trefpunt-ams.html
Trinity,closed,Sarphatistraat 87,1018 EZ,Amsterdam,"Sarphatistraat 87, 1018 EZ Amsterdam",Trinity,Trinity/logo.png,1,,,Historic coffeeshop,https://www.coffeeshopmenus.org/cs-trinity.html
Tuintje,open,Overtoom 451,1054 KH,Amsterdam,"Overtoom 451, 1054 KH Amsterdam",Tuintje,Tuintje/logo.png,1,,7 May 2010,Later Vondel,https://www.coffeeshopmenus.org/cs-tuintje.html
Tweede Kamer,open,Heisteeg 6,1012 WC,Amsterdam,"Heisteeg 6, 1012 WC Amsterdam",TweedKamer,TweedKamer/logo.png,1,19,6 February 2026,,https://www.coffeeshopmenus.org/cs-tweede-kamer.html
Tweedy,closed,Vondelstraat 104,1054 GR,Amsterdam,"Vondelstraat 104, Amsterdam 1054 GR",Tweedy,Tweedy/logo.png,1,2,15 June 2010,Historic coffeeshop,https://www.coffeeshopmenus.org/cs-tweedy.html
Twilight Zone,closed,Lange Niezel 7,1012 GS,Amsterdam,"Lange Niezel 7, 1012 GS Amsterdam",Twilight Zone,Twilight Zone/logo.png,1,,29 September 2007,Historic coffeeshop,https://www.coffeeshopmenus.org/cs-twilight-zone.html
Two Twenty Two,closed,Oudezijds Voorburgwal 222,1012 GJ,Amsterdam,"Oudezijds Voorburgwal 222, Amsterdam 1012 GJ",Two Twenty Two,Two Twenty Two/logo.png,2,,1 September 2004,Historic coffeeshop,https://www.coffeeshopmenus.org/cs-two-twenty-two.html
Tyson 2.0,open,Spuistraat 222,1012 VA,Amsterdam,"Spuistraat 222, 1012 VA Amsterdam",Softland,Softland/logo.png,1,29,21 July 2026,Previously Softland,https://www.coffeeshopmenus.org/cs-tyson.html
Tyson 2.0 Nieuwmarkt,open,Nieuwmarkt 14,1012 CR,Amsterdam,"Nieuwmarkt 14, Amsterdam 1012 CR",Softland,Softland/logo.png,1,,20 April 2026,Previously Greenhouse Effect,https://www.coffeeshopmenus.org/cs-tyson20nieuwmarkt.html
Vondel,open,Overtoom 451-hs,1054 KH,Amsterdam,"Overtoom 451-hs, 1054 kh Amsterdam",Vondel,Vondel/logo.png,1,5,14 July 2026,Previously Tuintje,https://www.coffeeshopmenus.org/cs-vondel.html
Voyagers,open,Geldersekade 2,,Amsterdam,"Geldersekade 2, Amsterdam",Voyagers,Voyagers/logo.png,1,95,14 February 2026,,https://www.coffeeshopmenus.org/cs-voyagers.html
Warda 1,open,Van Woustraat 147,1074 AJ,Amsterdam,"Van Woustraat 147, 1074 AJ Amsterdam",Warda1&2,Warda1&2/logo.png,1,5,17 July 2026,,https://www.coffeeshopmenus.org/cs-warda-1.html
West (Ban Tam),open,Balboastraat 19,1057 VT,Amsterdam,"Balboastraat 19, Amsterdam 1057 VT",coffeeshopwest,coffeeshopwest/logo.png,1,5,17 July 2026,Previously de Bommel,https://www.coffeeshopmenus.org/cs-west.html
Yin Yang,open,Knollendamstraat 5,1013 TL,Amsterdam,"Knollendamstraat 5, Amsterdam 1013 TL",YinYang,YinYang/logo.png,1,2,26 December 2023,,https://www.coffeeshopmenus.org/cs-yin-yang.html
Yo-Yo,open,2e Jan van der Heijdenstraat 79,1072 TZ,Amsterdam,"2e Jan van der Heijdenstraat 79, 1072 TZ Amsterdam",Yo-Yo,Yo-Yo/logo.png,1,18,19 October 2024,,https://www.coffeeshopmenus.org/cs-yo-yo.html
